id,name,picture,bio
2a8a3b2d-6f2e-4d60-8ee6-8d7b8de20ac1,Marlo Vensley,https://robohash.org/marlovensley.png?size=50x50&set=set1,ipsum dolor sit amet consectetuer adipiscing elit proin interdum mauris non ligula pellentesque ultrices
d7b0d8c9-0d2a-4b39-9a41-243a6f5200e0,Tressa Ibbotson,https://robohash.org/tressaibbotson.png?size=50x50&set=set1,vestibulum rutrum rutrum neque aenean auctor gravida sem praesent id massa id nisl venenatis lacinia
5c3d6b2e-7e25-4a8f-9bd7-8b0dbab4c87f,Alaric Dunst,https://robohash.org/alaricdunst.png?size=50x50&set=set1,donec dapibus duis at velit eu est congue elementum in hac habitasse platea dictumst
0f0e8a11-0e8a-4f9e-9a6a-5d2baf2c7a0b,Pamelyn Quade,https://robohash.org/pamelynquade.png?size=50x50&set=set1,mauris lacinia sapien quis libero nullam sit amet turpis elementum ligula vehicula consequat morbi a ipsum
c2a3b947-0bb8-46b6-9f33-268b1b3d9d9f,Gideon Harrowell,https://robohash.org/gideonharrowell.png?size=50x50&set=set1,quisque porta volutpat erat quisque erat eros viverra eget congue eget semper rutrum nulla nunc purus
8c2f1a6f-1f3e-48fa-81b2-9a9a3c9f9b5a,Selma Rook,https://robohash.org/selmarook.png?size=50x50&set=set1,aliquam sit amet diam in magna bibendum imperdiet nullam orci pede venenatis non sodales sed tincidunt eu
1b9ddf9a-2df2-4e54-8a3d-4c9f7f9a3c11,Joryn Skelton,https://robohash.org/jorynskelton.png?size=50x50&set=set1,orci luctus et ultrices posuere cubilia curae duis faucibus accumsan odio curabitur convallis duis consequat dui
e4df1e5c-3c2a-4a5d-9b58-bb35a0c7b5e6,Callum Pritchard,https://robohash.org/callumpritchard.png?size=50x50&set=set1,curabitur in libero ut massa volutpat convallis morbi odio odio elementum eu interdum eu tincidunt in leo
9a6b6f6d-21be-4a8c-8c62-2a6a4f1a8d44,Nerissa Fayne,https://robohash.org/nerissafayne.png?size=50x50&set=set1,phasellus sit amet erat nulla tempus vivamus in felis eu sapien cursus vestibulum proin eu mi
3f8b2d1c-9d7a-4b3f-8f68-7cbb6aa9c1c2,Owen Caldre,https://robohash.org/owencaldre.png?size=50x50&set=set1,integer ac leo pellentesque ultrices mattis odio donec vitae nisi nam ultrices libero non mattis pulvinar